Ac-224,3.10E-08,9.80E-10,3.80E-08,1.00E-04,1.60E-02
Ac-225,2.20E-06,3.80E-08,5.00E-09,2.00E-05,1.60E-02
Ac-226,3.10E-07,1.40E-08,2.40E-08,1.00E-03,1.60E-02
Ac-227,1.10E-03,2.30E-06,1.00E-09,1.00E-06,1.60E-02
Ac-228,5.00E-08,4.50E-10,1.45E-07,2.00E-03,1.60E-02
Ag-102,1.00E-11,3.90E-11,5.46E-07,8.00E-04,1.60E-02
Ag-103,1.60E-11,3.70E-11,1.25E-07,5.00E-04,1.60E-02
Ag-104,1.80E-11,5.20E-11,4.10E-07,3.00E-04,1.60E-02
Ag-104m,1.70E-11,4.90E-11,1.88E-07,4.00E-04,1.60E-02
Ag-105,1.20E-09,5.60E-10,1.02E-07,5.00E-05,1.60E-02
Ag-106,9.70E-12,3.10E-11,1.17E-07,7.00E-04,1.60E-02
Ag-106m,1.60E-09,1.70E-09,4.35E-07,6.00E-05,1.60E-02
Ag-108,7.20E-08,2.10E-09,2.36E-07,1.00E-04,1.60E-02
Ag-108m,7.20E-08,2.10E-09,2.36E-07,1.00E-04,1.60E-02
Ag-110,2.10E-08,2.90E-09,4.09E-07,5.00E-04,1.60E-02
Ag-110m,2.10E-08,2.90E-09,4.09E-07,5.00E-04,1.60E-02
Ag-111,1.90E-09,1.90E-09,4.00E-09,1.00E-03,1.60E-02
Ag-112,1.70E-10,4.00E-10,6.40E-07,1.00E-03,1.60E-02
Ag-115,2.00E-11,6.20E-11,1.81E-07,1.00E-03,1.60E-02
Al-26,2.10E-08,4.70E-09,3.28E-07,1.00E-03,1.60E-02
Al-28,1.40E-09,2.40E-09,5.29E-07,2.00E-03,1.60E-02
Am-237,6.40E-12,1.50E-11,7.30E-08,8.00E-04,1.60E-02
Am-238,1.40E-10,3.10E-11,1.45E-07,6.00E-05,1.60E-02
Am-239,1.20E-10,2.60E-10,5.90E-08,1.00E-03,1.60E-02
Am-240,4.60E-10,7.00E-10,1.71E-07,5.00E-05,1.60E-02
Am-241,7.40E-05,5.80E-07,1.90E-08,6.00E-06,1.60E-02
Am-242,1.20E-08,3.90E-10,9.00E-09,1.00E-03,1.60E-02
Am-242m,6.70E-05,5.50E-07,6.00E-09,2.00E-06,1.60E-02
Am-243,7.10E-05,5.80E-07,1.40E-08,2.00E-06,1.60E-02
Am-244,2.80E-09,4.90E-10,1.45E-07,3.00E-03,1.60E-02
Am-244m,1.20E-10,2.80E-11,2.00E-09,1.00E-03,1.60E-02
Am-245,2.00E-11,4.40E-11,7.00E-09,2.00E-03,1.60E-02
Am-246,1.60E-11,5.30E-11,1.35E-07,4.00E-03,1.60E-02
Am-246m,8.60E-12,3.30E-11,1.54E-07,1.00E-03,1.60E-02
Ar-39,0.00E+00,0.00E+00,1.00E-09,2.00E-03,1.60E-02
Ar-41,0.00E+00,0.00E+00,1.88E-07,1.00E-03,1.60E-02
As-69,1.40E-11,5.60E-11,2.50E-07,9.00E-04,1.60E-02
As-70,3.40E-11,1.20E-10,6.03E-07,1.00E-03,1.60E-02
As-71,3.70E-10,4.70E-10,8.80E-08,7.00E-04,1.60E-02
As-72,1.20E-09,1.90E-09,3.39E-07,9.00E-04,1.60E-02
As-73,9.60E-10,2.50E-10,3.00E-09,2.00E-05,1.60E-02
As-74,2.30E-09,1.30E-09,1.17E-07,9.00E-04,1.60E-02
As-76,1.10E-09,1.70E-09,1.32E-07,1.00E-03,1.60E-02
As-77,3.10E-10,4.40E-10,1.00E-09,1.00E-03,1.60E-02
As-78,7.20E-11,1.70E-10,8.04E-07,1.00E-03,1.60E-02
At-207,6.60E-10,2.50E-10,1.98E-07,5.00E-04,1.60E-02
At-211,2.80E-08,1.10E-08,8.00E-09,3.00E-06,1.60E-02
Au-193,8.00E-11,1.60E-10,2.90E-08,4.00E-04,1.60E-02
Au-194,2.80E-10,4.90E-10,1.57E-07,2.00E-04,1.60E-02
Au-195,3.50E-09,3.70E-10,1.70E-08,4.00E-05,1.60E-02
Au-196,3.70E-10,4.40E-10,1.00E-09,1.00E-06,1.60E-02
Au-198,1.00E-09,1.50E-09,6.50E-08,1.00E-03,1.60E-02
Au-198m,1.50E-09,1.90E-09,9.40E-08,3.00E-03,1.60E-02
Au-199,4.70E-10,6.30E-10,1.50E-08,2.00E-03,1.60E-02
Au-200,2.50E-11,6.10E-11,4.40E-08,1.00E-03,1.60E-02
Au-200m,6.00E-10,1.20E-09,3.23E-07,2.00E-03,1.60E-02
Au-201,7.90E-12,2.30E-11,8.00E-09,1.00E-03,1.60E-02
Ba-126,9.40E-11,2.00E-10,8.05E-07,9.00E-04,1.60E-02
Ba-128,9.30E-10,3.60E-09,2.09E-07,7.00E-04,1.60E-02
Ba-131,1.80E-10,5.40E-10,8.70E-08,3.00E-04,1.60E-02
Ba-131m,1.40E-12,4.90E-12,1.90E-08,5.00E-05,1.60E-02
Ba-133,1.80E-09,9.50E-10,8.50E-08,7.00E-05,1.60E-02
Ba-133m,1.50E-10,5.60E-10,1.80E-08,2.00E-03,1.60E-02
Ba-133m,1.90E-10,7.10E-10,1.90E-08,2.00E-03,1.60E-02
Ba-137m,8.60E-09,1.40E-08,9.20E-08,2.00E-03,1.60E-02
Ba-139,4.50E-11,9.60E-11,1.20E-08,1.00E-03,1.60E-02
Ba-140,1.10E-09,3.60E-09,3.10E-08,1.00E-03,1.60E-02
Ba-141,2.20E-11,6.30E-11,1.52E-07,1.00E-03,1.60E-02
Ba-142,1.10E-11,3.10E-11,1.60E-07,1.00E-03,1.60E-02
Be-10,9.60E-08,1.70E-09,1.00E-09,2.00E-03,1.60E-02
Be-7,8.40E-11,3.20E-11,8.00E-09,1.00E-06,1.60E-02
Bi-200,1.60E-11,5.10E-11,3.71E-07,6.00E-04,1.60E-02
Bi-201,4.20E-11,1.20E-10,2.05E-07,5.00E-04,1.60E-02
Bi-202,2.80E-11,8.40E-11,3.67E-07,5.00E-04,1.60E-02
Bi-203,2.10E-10,5.10E-10,3.10E-07,2.00E-04,1.60E-02
Bi-205,1.20E-09,1.10E-09,2.39E-07,1.00E-04,1.60E-02
Bi-206,1.80E-09,2.30E-09,4.87E-07,6.00E-04,1.60E-02
Bi-207,5.50E-09,1.60E-09,2.33E-07,1.00E-04,1.60E-02
Bi-208,4.00E-09,1.40E-09,1.00E-09,1.00E-06,1.60E-02
Bi-210,5.20E-08,1.90E-09,1.00E-09,1.00E-03,1.60E-02
Bi-210m,2.00E-06,1.80E-08,4.20E-08,5.00E-04,1.60E-02
Bi-211,2.30E-09,1.60E-10,1.60E-08,1.00E-03,1.60E-02
Bi-212,4.70E-09,2.20E-10,1.80E-07,1.00E-03,1.60E-02
Bi-213,3.80E-09,1.80E-10,2.70E-08,1.00E-03,1.60E-02
Bi-214,1.60E-09,1.10E-10,2.39E-07,1.00E-03,1.60E-02
Bk-245,1.10E-09,8.30E-10,5.40E-08,2.00E-03,1.60E-02
Bk-246,3.90E-10,5.60E-10,1.61E-07,3.00E-05,1.60E-02
Bk-247,8.50E-05,7.00E-07,2.10E-08,8.00E-04,1.60E-02
Bk-249,2.00E-07,1.90E-09,1.00E-09,2.00E-05,1.60E-02
Bk-250,1.20E-09,1.30E-09,1.37E-07,1.00E-03,1.60E-02
Br-74,2.60E-11,8.40E-11,1.02E-03,1.00E-03,1.60E-02
Br-74m,5.00E-11,1.40E-10,1.35E-03,9.00E-04,1.60E-02
Br-75,3.90E-11,7.70E-11,1.89E-07,9.00E-04,1.60E-02
Br-76,4.40E-10,4.20E-10,5.03E-07,7.00E-04,1.60E-02
Br-77,7.20E-11,8.30E-11,5.10E-08,6.00E-05,1.60E-02
Br-80,8.80E-11,3.10E-11,1.30E-08,1.00E-03,1.60E-02
Br-80m,1.10E-10,1.10E-10,1.20E-08,1.00E-05,1.60E-02
Br-82,4.10E-10,4.70E-10,3.95E-07,1.00E-03,1.60E-02
Br-83,2.60E-11,4.20E-11,1.00E-09,1.00E-03,1.60E-02
Br-84,3.00E-11,8.80E-11,9.23E-07,1.00E-03,1.60E-02
C-11,3.30E-12,3.30E-12,1.60E-07,1.00E-03,1.60E-02
C-14,5.60E-10,5.60E-10,1.00E-09,2.00E-04,1.60E-02
Ca-41,2.90E-10,2.70E-10,1.00E-09,1.00E-06,1.60E-02
Ca-45,1.80E-09,8.60E-10,1.00E-09,7.00E-04,1.60E-02
Ca-47,1.90E-09,2.10E-09,1.56E-07,1.00E-03,1.60E-02
Cd-104,1.80E-11,4.90E-11,6.20E-08,2.00E-05,1.60E-02
Cd-107,2.80E-11,6.80E-11,3.00E-08,2.00E-05,1.60E-02
Cd-109,1.60E-08,2.20E-09,2.70E-08,5.00E-06,1.60E-02
Cd-113,2.30E-07,2.50E-08,1.00E-09,1.00E-03,1.60E-02
Cd-113m,2.10E-07,2.30E-08,1.00E-09,1.00E-03,1.60E-02
Cd-115,1.30E-09,2.00E-09,3.70E-08,1.00E-03,1.60E-02
Cd-115m,1.10E-08,3.90E-09,3.00E-09,1.00E-03,1.60E-02
Cd-117,1.00E-10,2.60E-10,1.58E-07,1.00E-03,1.60E-02
Cd-117m,9.70E-11,2.70E-10,2.82E-07,1.00E-03,1.60E-02
Ce-134,2.60E-09,3.60E-09,1.49E-07,6.00E-04,1.60E-02
Ce-135,4.30E-10,9.10E-10,2.71E-07,2.00E-03,1.60E-02
Ce-137,1.10E-11,2.80E-11,1.60E-08,1.00E-05,1.60E-02
Ce-137m,4.30E-10,7.40E-10,1.60E-08,2.00E-03,1.60E-02
Ce-139,2.40E-09,3.70E-10,3.60E-08,5.00E-04,1.60E-02
Ce-141,2.60E-09,1.10E-09,1.40E-08,2.00E-03,1.60E-02
Ce-143,1.00E-09,1.50E-09,5.30E-08,1.00E-03,1.60E-02
Ce-144,1.00E-07,8.20E-08,5.00E-09,8.00E-04,1.60E-02
Cf-244,2.50E-09,7.20E-11,3.00E-09,1.00E-06,1.60E-02
Cf-246,1.60E-07,4.60E-09,2.00E-09,1.00E-06,1.60E-02
Cf-248,1.30E-05,5.40E-08,2.00E-09,1.00E-06,1.60E-02
Cf-249,8.60E-05,7.00E-07,6.00E-08,2.00E-04,1.60E-02
Cf-250,4.50E-05,3.20E-07,2.00E-09,1.00E-06,1.60E-02
Cf-251,8.70E-05,7.10E-07,3.70E-08,1.00E-03,1.60E-02
Cf-252,4.00E-05,1.70E-07,2.00E-09,1.00E-06,1.60E-02
Cf-253,8.30E-07,2.70E-09,1.00E-09,8.00E-04,1.60E-02
Cf-254,7.90E-05,6.10E-07,1.00E-09,1.00E-06,1.60E-02
Cl-36,5.90E-09,8.40E-10,1.00E-09,1.00E-03,1.60E-02
Cl-38,4.20E-11,1.30E-10,1.55E-06,1.00E-03,1.60E-02
Cl-39,3.50E-11,8.40E-11,2.41E-07,1.00E-03,1.60E-02
Cm-238,1.30E-09,7.70E-11,2.10E-08,7.00E-06,1.60E-02
Cm-240,1.70E-06,1.50E-08,3.00E-09,1.00E-06,1.60E-02
Cm-241,2.80E-08,1.40E-09,1.00E-07,6.00E-04,1.60E-02
Cm-242,3.50E-06,2.30E-08,2.00E-09,1.00E-06,1.60E-02
Cm-243,5.00E-05,4.00E-07,3.30E-08,1.00E-03,1.60E-02
Cm-244,4.00E-05,3.30E-07,2.00E-09,1.00E-06,1.60E-02
Cm-245,7.30E-05,5.90E-07,2.80E-08,4.00E-04,1.60E-02
Cm-246,7.20E-05,5.90E-07,2.00E-09,1.00E-06,1.60E-02
Cm-247,6.60E-05,5.40E-07,5.30E-08,1.00E-04,1.60E-02
Cm-248,2.60E-04,2.20E-06,2.00E-09,1.00E-06,1.60E-02
Cm-249,3.50E-11,2.60E-11,3.00E-09,1.00E-03,1.60E-02
Cm-250,1.50E-03,1.20E-05,1.00E-09,1.00E-06,1.60E-02
Co-55,5.70E-10,1.20E-09,3.02E-07,1.00E-03,1.60E-02
Co-56,1.10E-08,3.50E-09,4.85E-07,3.00E-04,1.60E-02
Co-57,2.40E-09,3.30E-10,2.10E-08,1.00E-04,1.60E-02
Co-58,2.90E-09,9.90E-10,1.47E-07,3.00E-04,1.60E-02
Co-58m,2.60E-11,2.40E-11,1.00E-09,1.00E-05,1.60E-02
Co-60,5.60E-08,7.10E-09,3.66E-07,1.00E-03,1.60E-02
Co-60m,5.70E-13,1.70E-12,1.00E-09,2.00E-05,1.60E-02
Co-61,2.80E-11,5.90E-11,1.70E-08,1.00E-03,1.60E-02
Co-62m,9.60E-12,4.60E-11,4.36E-07,1.00E-03,1.60E-02
Cr-48,2.40E-10,2.40E-10,7.10E-08,5.00E-05,1.60E-02
Cr-49,2.00E-11,5.50E-11,1.66E-07,1.00E-03,1.60E-02
Cr-51,9.40E-11,4.50E-11,5.00E-09,3.00E-06,1.60E-02
Cs-125,1.30E-11,3.30E-11,1.14E-07,5.00E-04,1.60E-02
Cs-126,9.40E-11,2.00E-10,8.05E-07,9.00E-04,1.60E-02
Cs-127,1.60E-11,2.40E-11,7.90E-08,1.00E-04,1.60E-02
Cs-128,9.30E-10,3.60E-09,2.09E-07,7.00E-04,1.60E-02
Cs-129,4.30E-11,6.10E-11,6.30E-08,3.00E-05,1.60E-02
Cs-130,9.20E-12,2.80E-11,8.70E-08,5.00E-04,1.60E-02
Cs-131,4.40E-11,6.60E-11,1.60E-08,2.00E-06,1.60E-02
Cs-132,3.30E-10,5.10E-10,1.10E-07,5.00E-05,1.60E-02
Cs-134,1.30E-08,2.00E-08,2.36E-07,1.00E-03,1.60E-02
Cs-134m,1.30E-11,2.00E-11,9.00E-09,1.00E-03,1.60E-02
Cs-135,1.20E-09,1.90E-09,1.00E-09,6.00E-04,1.60E-02
Cs-135m,7.00E-12,1.90E-11,2.39E-07,7.00E-05,1.60E-02
Cs-136,2.00E-09,3.00E-09,3.27E-07,1.00E-03,1.60E-02
Cs-137,8.60E-09,1.40E-08,9.20E-08,2.00E-03,1.60E-02
Cs-138,3.10E-11,9.10E-11,4.45E-07,1.00E-03,1.60E-02
Cu-60,2.00E-11,6.70E-11,5.96E-07,1.00E-03,1.60E-02
Cu-61,4.90E-11,1.10E-10,1.28E-07,9.00E-04,1.60E-02
Cu-62,5.60E-10,9.50E-10,3.19E-07,1.00E-03,1.60E-02
Cu-64,7.60E-11,1.30E-10,3.00E-08,9.00E-04,1.60E-02
Cu-66,2.60E-09,4.30E-09,3.90E-08,2.00E-03,1.60E-02
Cu-67,3.70E-10,4.40E-10,1.80E-08,1.00E-03,1.60E-02
Dy-155,5.70E-11,1.30E-10,9.40E-08,1.00E-04,1.60E-02
Dy-157,1.90E-11,6.60E-11,6.50E-08,4.00E-05,1.60E-02
Dy-159,5.60E-10,1.40E-10,1.50E-08,1.00E-05,1.60E-02
Dy-165,3.50E-11,8.80E-11,5.00E-09,1.00E-03,1.60E-02
Dy-166,2.40E-09,2.70E-09,1.00E-08,1.00E-03,1.60E-02
Er-161,2.20E-11,7.70E-11,1.39E-07,4.00E-04,1.60E-02
Er-165,7.50E-12,2.20E-11,1.10E-08,7.00E-06,1.60E-02
Er-169,6.00E-10,5.80E-10,1.00E-09,1.00E-03,1.60E-02
Er-171,1.50E-10,4.10E-10,6.40E-08,2.00E-03,1.60E-02
Er-172,1.30E-09,1.50E-09,8.40E-08,1.00E-03,1.60E-02
Es-250,7.30E-10,2.20E-11,7.10E-08,2.00E-05,1.60E-02
Es-251,9.60E-10,2.30E-10,2.80E-08,2.00E-04,1.60E-02
Es-253,9.30E-07,9.90E-09,1.00E-09,1.00E-06,1.60E-02
Es-254,7.10E-06,5.30E-06,2.10E-08,6.00E-06,1.60E-02
Es-254m,1.30E-07,6.10E-09,7.70E-08,1.00E-03,1.60E-02
Eu-145,7.40E-10,8.90E-10,2.17E-07,6.00E-05,1.60E-02
Eu-146,1.50E-09,1.50E-09,3.75E-07,1.00E-04,1.60E-02
Eu-147,9.50E-10,5.90E-10,8.50E-08,3.00E-04,1.60E-02
Eu-148,3.70E-09,1.50E-09,3.27E-07,7.00E-05,1.60E-02
Eu-149,4.70E-10,1.40E-10,1.80E-08,2.00E-05,1.60E-02
Eu-150,1.90E-10,4.30E-10,8.00E-09,1.00E-03,1.60E-02
Eu-150m,5.60E-08,1.70E-09,2.38E-07,1.00E-04,1.60E-02
Eu-152,4.60E-08,1.90E-09,1.79E-07,7.00E-04,1.60E-02
Eu-152m1,2.20E-10,5.20E-10,4.70E-08,9.00E-04,1.60E-02
Eu-152m2,2.20E-10,5.20E-10,4.70E-08,9.00E-04,1.60E-02
Eu-154,5.80E-08,3.00E-09,1.85E-07,2.00E-03,1.60E-02
Eu-155,7.60E-09,5.00E-10,1.20E-08,2.00E-04,1.60E-02
Eu-156,4.00E-09,3.20E-09,1.88E-07,1.00E-03,1.60E-02
Eu-157,3.10E-10,7.10E-10,4.90E-08,1.00E-03,1.60E-02
Eu-158,2.60E-11,8.50E-11,2.20E-07,1.00E-03,1.60E-02
F-18,2.40E-11,4.60E-11,1.60E-07,2.00E-03,1.60E-02
Fe-52,5.70E-10,1.50E-09,1.16E-07,9.00E-04,1.60E-02
Fe-55,6.30E-10,1.50E-10,1.00E-09,2.00E-05,1.60E-02
Fe-59,3.80E-09,1.90E-09,1.75E-07,1.00E-03,1.60E-02
Fe-60,1.90E-07,3.80E-08,1.00E-09,9.00E-05,1.60E-02
Fm-252,9.80E-08,3.50E-09,2.00E-09,1.00E-06,1.60E-02
Fm-253,1.40E-07,1.50E-09,2.30E-08,2.00E-04,1.60E-02
Fm-254,1.50E-08,4.20E-10,2.00E-09,1.00E-06,1.60E-02
Fm-255,6.90E-08,3.20E-09,1.60E-08,5.00E-06,1.60E-02
Fm-257,4.70E-06,2.80E-08,3.20E-08,6.00E-04,1.60E-02
Fr-222,3.30E-09,7.50E-10,1.00E-09,1.00E-03,1.60E-02
Fr-223,1.70E-09,2.30E-09,1.70E-08,2.00E-03,1.60E-02
Ga-65,1.00E-11,3.60E-11,1.83E-07,1.00E-03,1.60E-02
Ga-66,4.90E-10,1.20E-09,8.77E-07,6.00E-04,1.60E-02
Ga-67,1.60E-10,2.50E-10,2.50E-08,3.00E-05,1.60E-02
Ga-68,3.70E-11,8.60E-11,1.49E-07,1.00E-03,1.60E-02
Ga-70,9.40E-12,3.00E-11,1.00E-09,1.00E-03,1.60E-02
Ga-72,5.00E-10,1.20E-09,3.86E-07,1.00E-03,1.60E-02
Ga-73,9.70E-11,2.70E-10,5.20E-08,1.00E-03,1.60E-02
Gd-145,1.30E-11,4.20E-11,3.60E-07,5.00E-04,1.60E-02
Gd-146,7.50E-09,1.40E-09,5.70E-08,6.00E-04,1.60E-02
Gd-147,4.10E-10,7.10E-10,2.06E-07,4.00E-04,1.60E-02
Gd-148,5.10E-05,3.60E-08,1.00E-09,1.00E-06,1.60E-02
Gd-149,6.40E-10,6.10E-10,7.60E-08,4.00E-04,1.60E-02
Gd-151,1.50E-09,2.80E-10,1.80E-08,2.00E-04,1.60E-02
Gd-152,3.70E-05,2.60E-08,1.00E-09,1.00E-06,1.60E-02
Gd-153,4.10E-09,3.90E-10,2.90E-08,3.00E-05,1.60E-02
Gd-159,2.80E-10,6.10E-10,1.00E-08,1.00E-03,1.60E-02
Ge-66,8.60E-11,6.10E-11,1.08E-07,4.00E-04,1.60E-02
Ge-67,1.90E-11,6.40E-11,4.07E-07,1.00E-03,1.60E-02
Ge-68,1.40E-08,2.90E-10,1.00E-09,1.00E-05,1.60E-02
Ge-69,2.30E-10,1.10E-10,1.32E-07,5.00E-04,1.60E-02
Ge-71,3.30E-11,2.60E-12,1.00E-09,1.00E-05,1.60E-02
Ge-75,2.10E-11,4.30E-11,6.00E-09,1.00E-03,1.60E-02
Ge-77,2.90E-10,1.80E-10,1.63E-07,1.00E-03,1.60E-02
Ge-78,8.00E-11,9.60E-11,4.50E-08,1.00E-03,1.60E-02
H-3,4.00E-11,4.00E-11,1.00E-09,1.00E-06,1.60E-02
Hf-170,3.30E-10,5.90E-10,9.10E-08,2.00E-04,1.60E-02
Hf-172,5.30E-08,1.40E-09,3.00E-08,1.00E-04,1.60E-02
Hf-173,1.30E-10,2.70E-10,7.10E-08,3.00E-04,1.60E-02
Hf-175,1.40E-09,5.50E-10,6.50E-08,2.00E-04,1.60E-02
Hf-177m1,2.60E-11,7.20E-11,3.70E-07,4.00E-03,1.60E-02
Hf-177m2,2.60E-11,7.20E-11,3.70E-07,4.00E-03,1.60E-02
Hf-178m1,4.30E-07,5.30E-09,3.78E-07,2.00E-03,1.60E-02
Hf-178m2,4.30E-07,5.30E-09,3.78E-07,2.00E-03,1.60E-02
Hf-179m1,2.70E-09,1.70E-09,1.49E-07,1.00E-03,1.60E-02
Hf-180m,5.60E-11,1.70E-10,1.66E-07,7.00E-04,1.60E-02
Hf-181,3.40E-09,1.60E-09,8.90E-08,2.00E-03,1.60E-02
Hf-182,5.30E-07,2.90E-09,3.90E-08,5.00E-04,1.60E-02
Hf-182m,1.60E-11,3.60E-11,1.50E-07,1.00E-03,1.60E-02
Hf-183,3.10E-11,7.00E-11,1.16E-07,1.00E-03,1.60E-02
Hf-184,2.20E-10,5.30E-10,4.30E-08,2.00E-03,1.60E-02
Hg-193,4.90E-11,9.10E-11,3.70E-08,8.00E-04,1.60E-02
Hg-193m,2.00E-10,4.40E-10,1.62E-07,1.00E-03,1.60E-02
Hg-194,3.90E-08,5.40E-08,1.00E-09,4.00E-06,1.60E-02
Hg-195,5.30E-11,9.90E-11,3.40E-08,6.00E-05,1.60E-02
Hg-195m,4.50E-10,7.60E-10,3.70E-08,1.00E-03,1.60E-02
Hg-197,2.10E-10,3.20E-10,1.40E-08,2.00E-05,1.60E-02
Hg-197m,3.30E-10,6.20E-10,1.70E-08,3.00E-03,1.60E-02
Hg-199m,1.80E-11,2.80E-11,3.20E-08,2.00E-03,1.60E-02
Hg-203,1.60E-09,1.90E-09,3.90E-08,8.00E-04,1.60E-02
Ho-155,1.20E-11,3.50E-11,6.60E-08,3.00E-04,1.60E-02
Ho-157,1.40E-12,6.30E-12,8.80E-08,3.00E-04,1.60E-02
Ho-159,1.70E-12,7.30E-12,6.90E-08,2.00E-04,1.60E-02
Ho-161,3.90E-12,1.20E-11,2.20E-08,2.00E-05,1.60E-02
Ho-162,6.30E-13,3.20E-12,3.20E-08,7.00E-05,1.60E-02
Ho-162m,6.60E-12,2.20E-11,9.40E-08,3.00E-04,1.60E-02
Ho-164,2.40E-12,9.00E-12,9.00E-09,6.00E-04,1.60E-02
Ho-164m,5.10E-12,1.40E-11,1.40E-08,2.00E-05,1.60E-02
Ho-166,9.30E-10,1.90E-09,5.00E-09,1.00E-03,1.60E-02
Ho-166m,1.40E-07,2.20E-09,2.68E-07,8.00E-04,1.60E-02
Ho-167,2.70E-11,7.80E-11,6.10E-08,1.00E-03,1.60E-02
I-120,1.60E-10,3.50E-10,1.16E-03,8.00E-04,1.60E-02
I-120m,8.90E-11,2.10E-10,1.11E-03,8.00E-04,1.60E-02
I-121,4.80E-11,8.70E-11,7.70E-08,4.00E-04,1.60E-02
I-122,0.00E+00,0.00E+00,2.84E-07,8.00E-04,1.60E-02
I-123,1.30E-10,2.30E-10,4.30E-08,4.00E-04,1.60E-02
I-124,8.60E-09,1.40E-08,1.70E-07,3.00E-04,1.60E-02
I-125,1.10E-08,1.70E-08,3.30E-08,4.00E-06,1.60E-02
I-126,2.00E-08,3.20E-08,7.80E-08,7.00E-04,1.60E-02
I-128,1.60E-11,4.60E-11,1.60E-08,1.00E-03,1.60E-02
I-129,7.80E-08,1.20E-07,1.60E-08,1.00E-04,1.60E-02
I-130,1.10E-09,2.10E-09,3.25E-07,1.00E-03,1.60E-02
I-131,1.50E-08,2.40E-08,6.20E-08,1.00E-03,1.60E-02
I-132,1.20E-10,2.30E-10,5.50E-08,3.00E-04,1.60E-02
I-132,1.40E-10,2.90E-10,3.38E-07,1.00E-03,1.60E-02
I-133,2.60E-09,4.70E-09,9.30E-08,1.00E-03,1.60E-02
I-134,4.40E-11,1.10E-10,3.85E-07,1.00E-03,1.60E-02
I-135,5.00E-10,9.90E-10,2.23E-07,1.00E-03,1.60E-02
In-109,2.80E-11,6.40E-11,1.17E-07,3.00E-04,1.60E-02
In-110,7.80E-11,2.30E-10,4.68E-07,6.00E-05,1.60E-02
In-110m,3.60E-11,8.50E-11,2.38E-07,7.00E-04,1.60E-02
In-111,2.30E-10,3.70E-10,8.20E-08,4.00E-04,1.60E-02
In-112,2.70E-12,9.90E-12,4.70E-08,9.00E-04,1.60E-02
In-113m,1.00E-11,2.30E-11,4.70E-08,5.00E-04,1.60E-02
In-114,1.90E-08,6.00E-09,2.30E-08,3.00E-03,1.60E-02
In-114m,1.90E-08,6.00E-09,2.30E-08,3.00E-03,1.60E-02
In-115,7.60E-07,3.30E-08,1.00E-09,1.00E-03,1.60E-02
In-115m,3.20E-11,8.70E-11,3.30E-08,9.00E-04,1.60E-02
In-116m,2.00E-11,5.60E-11,3.56E-07,1.00E-03,1.60E-02
In-117,1.00E-11,2.80E-11,1.09E-07,2.00E-03,1.60E-02
In-117m,4.30E-11,9.90E-11,1.90E-08,1.00E-03,1.60E-02
In-119,1.30E-11,4.50E-11,3.30E-08,1.00E-03,1.60E-02
In-119m,1.30E-11,4.50E-11,3.30E-08,1.00E-03,1.60E-02
Ir-182,1.40E-11,4.90E-11,5.84E-07,1.00E-03,1.60E-02
Ir-184,5.60E-11,1.60E-10,2.96E-07,1.00E-03,1.60E-02
Ir-185,1.50E-10,2.90E-10,9.10E-08,3.00E-04,1.60E-02
Ir-186m1,0,0,1.52E-07,9.00E-04,1.60E-02
Ir-186m2,2.40E-10,5.30E-10,2.43E-07,1.00E-03,1.60E-02
Ir-187,5.40E-11,1.30E-10,5.90E-08,1.00E-04,1.60E-02
Ir-188,4.20E-10,7.40E-10,2.23E-07,5.00E-04,1.60E-02
Ir-189,4.90E-10,3.70E-10,1.60E-08,5.00E-05,1.60E-02
Ir-190,1.80E-09,1.60E-09,2.28E-07,8.00E-04,1.60E-02
Ir-190m1,0,0,2.47E-07,9.00E-04,1.60E-02
Ir-190m2,8.60E-12,8.90E-12,1.00E-09,5.00E-06,1.60E-02
Ir-192,7.80E-09,1.90E-09,1.31E-07,2.00E-03,1.60E-02
Ir-192m1,1.00E-07,3.30E-10,2.50E-08,2.00E-06,1.60E-02
Ir-192m2,1.00E-07,3.30E-10,2.50E-08,2.00E-06,1.60E-02
Ir-193m,5.30E-10,4.60E-10,1.00E-09,1.00E-06,1.60E-02
Ir-194,8.50E-10,1.70E-09,1.70E-08,1.00E-03,1.60E-02
Ir-194m,1.80E-08,2.70E-09,3.67E-07,1.00E-03,1.60E-02
Ir-195,3.50E-11,8.20E-11,1.20E-08,1.00E-03,1.60E-02
Ir-195m,6.20E-11,1.60E-10,7.30E-08,2.00E-03,1.60E-02
K-38,0.00E+00,0.00E+00,4.80E-07,1.00E-03,1.60E-02
K-42,3.80E-10,4.00E-10,4.64E-07,1.00E-03,1.60E-02
K-43,1.90E-10,2.30E-10,1.52E-07,1.00E-03,1.60E-02
K-44,2.60E-11,8.40E-11,1.55E-03,1.00E-03,1.60E-02
K-45,1.60E-11,5.40E-11,3.02E-07,1.00E-03,1.60E-02
Kr-79,0.00E+00,0.00E+00,4.20E-08,1.00E-04,1.60E-02
Kr-81,0.00E+00,0.00E+00,4.00E-09,8.00E-06,1.60E-02
Kr-83m,0.00E+00,0.00E+00,2.00E-09,3.00E-06,1.60E-02
Kr-85,0.00E+00,0.00E+00,1.00E-09,1.00E-03,1.60E-02
Kr-85m,0.00E+00,0.00E+00,2.60E-08,1.00E-03,1.60E-02
Kr-87,0.00E+00,0.00E+00,5.01E-07,1.00E-03,1.60E-02
Kr-88,0.00E+00,0.00E+00,2.64E-07,1.00E-03,1.60E-02
Kr-89,0.00E+00,0.00E+00,2.05E-03,9.00E-04,1.60E-02
La-131,1.40E-11,3.10E-11,1.16E-07,4.00E-04,1.60E-02
La-132,1.30E-10,3.90E-10,3.79E-07,4.00E-04,1.60E-02
La-134,2.60E-09,3.60E-09,1.49E-07,6.00E-04,1.60E-02
La-135,1.60E-11,3.50E-11,1.70E-08,2.00E-06,1.60E-02
La-137,1.80E-08,1.30E-10,1.40E-08,2.00E-06,1.60E-02
La-138,2.80E-07,1.50E-09,1.85E-07,4.00E-04,1.60E-02
La-140,1.40E-09,2.60E-09,3.32E-07,1.00E-03,1.60E-02
La-141,1.40E-10,3.50E-10,1.60E-08,1.00E-03,1.60E-02
La-142,6.50E-11,1.50E-10,4.90E-07,1.00E-03,1.60E-02
La-143,1.70E-11,5.80E-11,2.19E-07,1.00E-03,1.60E-02
Lu-169,3.70E-10,5.40E-10,1.54E-07,1.00E-04,1.60E-02
Lu-170,7.00E-10,1.20E-09,2.81E-07,6.00E-05,1.60E-02
Lu-171,8.60E-10,8.80E-10,1.15E-07,3.00E-05,1.60E-02
Lu-172,1.40E-09,1.60E-09,2.83E-07,3.00E-04,1.60E-02
Lu-173,5.90E-09,3.50E-10,2.80E-08,3.00E-05,1.60E-02
Lu-174,1.00E-08,3.70E-10,2.40E-08,1.00E-05,1.60E-02
Lu-174m,6.90E-09,7.90E-10,1.50E-08,3.00E-05,1.60E-02
Lu-176,6.70E-11,1.60E-10,3.00E-09,1.00E-03,1.60E-02
Lu-176,1.60E-07,2.40E-09,8.10E-08,2.00E-03,1.60E-02
Lu-177,7.60E-10,8.10E-10,6.00E-09,1.00E-03,1.60E-02
Lu-177m,2.00E-08,2.50E-09,1.66E-07,2.00E-03,1.60E-02
Lu-178,1.30E-11,4.50E-11,2.20E-08,1.00E-03,1.60E-02
Lu-178m,9.00E-12,3.70E-11,1.82E-07,2.00E-03,1.60E-02
Lu-179,8.50E-11,2.10E-10,5.00E-09,1.00E-03,1.60E-02
Md-257,1.20E-08,1.50E-10,2.70E-08,3.00E-05,1.60E-02
Md-258,3.20E-06,2.30E-08,7.00E-09,2.00E-06,1.60E-02
Mg-28,1.40E-09,2.40E-09,5.29E-07,2.00E-03,1.60E-02
Mn-51,3.20E-11,8.30E-11,1.59E-07,1.00E-03,1.60E-02
Mn-52,1.60E-09,2.00E-09,5.10E-07,6.00E-04,1.60E-02
Mn-52m,2.00E-11,6.70E-11,3.89E-07,1.00E-03,1.60E-02
Mn-53,1.30E-10,3.20E-11,1.00E-09,2.00E-05,1.60E-02
Mn-54,1.70E-09,7.10E-10,1.26E-07,1.00E-05,1.60E-02
Mn-56,9.30E-11,2.30E-10,2.75E-07,1.00E-03,1.60E-02
Mo-101,1.30E-11,4.10E-11,1.96E-07,1.00E-03,1.60E-02
Mo-90,3.30E-10,6.90E-10,1.47E-07,1.00E-03,1.60E-02
Mo-93,7.70E-09,2.40E-10,1.60E-08,4.00E-06,1.60E-02
Mo-93m,9.40E-11,2.80E-10,3.30E-07,8.00E-04,1.60E-02
Mo-99,1.20E-09,1.80E-09,2.40E-08,1.00E-03,1.60E-02
N-13,0.00E+00,0.00E+00,1.60E-07,1.00E-03,1.60E-02
Na-22,2.00E-09,3.00E-09,3.30E-07,2.00E-03,1.60E-02
Na-24,3.30E-10,4.20E-10,5.06E-07,1.00E-03,1.60E-02
Nb-88,7.20E-11,3.70E-11,7.19E-07,1.00E-03,1.60E-02
Nb-89m,1.10E-10,2.50E-10,3.06E-07,9.00E-04,1.60E-02
Nb-89,4.90E-11,1.20E-10,3.92E-07,7.00E-04,1.60E-02
Nb-90,6.00E-10,1.30E-09,5.74E-07,2.00E-03,1.60E-02
Nb-91,4.10E-09,6.40E-11,1.00E-09,1.00E-06,1.60E-02
Nb-91m,2.30E-09,6.30E-10,1.00E-09,1.00E-06,1.60E-02
Nb-92m,5.90E-10,6.00E-10,1.00E-09,1.00E-06,1.60E-02
Nb-93m,7.90E-09,1.90E-10,3.00E-09,1.00E-06,1.60E-02
Nb-94,1.10E-07,2.20E-09,2.37E-07,1.00E-03,1.60E-02
Nb-95,1.60E-09,7.40E-10,1.16E-07,1.00E-04,1.60E-02
Nb-95m,7.50E-10,8.30E-10,2.10E-08,2.00E-03,1.60E-02
Nb-96,6.30E-10,1.30E-09,3.72E-07,1.00E-03,1.60E-02
Nb-97,2.20E-11,5.70E-11,9.90E-08,1.00E-03,1.60E-02
Nb-98,3.30E-11,1.00E-10,3.93E-07,1.00E-03,1.60E-02
Nd-136,3.10E-11,8.30E-11,6.10E-08,2.00E-04,1.60E-02
Nd-138,2.60E-10,6.50E-10,3.98E-07,7.00E-04,1.60E-02
Nd-139,5.70E-12,1.80E-11,7.00E-08,3.00E-04,1.60E-02
Nd-139m,9.20E-11,2.60E-10,2.46E-07,5.00E-04,1.60E-02
Nd-140,2.00E-09,2.80E-09,1.00E-09,1.00E-06,1.60E-02
Nd-141,2.60E-12,7.80E-12,2.10E-08,5.00E-05,1.60E-02
Nd-147,2.10E-09,1.60E-09,2.70E-08,1.00E-03,1.60E-02
Nd-149,6.40E-11,1.30E-10,6.30E-08,2.00E-03,1.60E-02
Nd-151,8.90E-12,3.10E-11,1.37E-07,1.00E-03,1.60E-02
Ni-56,1.10E-09,9.80E-10,2.60E-07,6.00E-05,1.60E-02
Ni-57,5.30E-10,1.00E-09,2.78E-07,7.00E-04,1.60E-02
Ni-59,3.60E-10,6.50E-11,1.00E-09,1.00E-05,1.60E-02
Ni-63,1.70E-09,1.90E-10,1.00E-09,1.00E-06,1.60E-02
Ni-65,6.00E-11,1.50E-10,8.10E-08,1.00E-03,1.60E-02
Ni-66,2.60E-09,4.30E-09,3.90E-08,2.00E-03,1.60E-02
Np-232,1.80E-10,1.10E-11,1.99E-07,4.00E-04,1.60E-02
Np-233,5.50E-13,2.10E-12,2.20E-08,4.00E-05,1.60E-02
Np-234,5.60E-10,7.70E-10,2.19E-07,8.00E-05,1.60E-02
Np-235,7.80E-10,8.50E-11,8.00E-09,3.00E-06,1.60E-02
Np-236,1.50E-05,1.20E-07,4.60E-08,1.00E-03,1.60E-02
Np-236m,1.20E-08,3.20E-10,1.30E-08,6.00E-04,1.60E-02
Np-237,7.80E-05,6.40E-07,1.80E-08,3.00E-05,1.60E-02
Np-238,5.70E-09,1.30E-09,8.90E-08,1.00E-03,1.60E-02
Np-239,7.20E-10,1.10E-09,3.90E-08,2.00E-03,1.60E-02
Np-240,2.00E-11,5.90E-11,2.25E-07,3.00E-03,1.60E-02
Np-240m,0,0,6.00E-08,1.00E-03,1.60E-02
O-15,0.00E+00,0.00E+00,1.61E-07,1.00E-03,1.60E-02
Os-180,5.00E-12,1.70E-11,1.99E-07,3.00E-04,1.60E-02
Os-181,3.60E-11,9.60E-11,1.86E-07,4.00E-04,1.60E-02
Os-182,3.90E-10,7.00E-10,7.10E-08,1.00E-04,1.60E-02
Os-185,2.60E-09,6.20E-10,1.12E-07,4.00E-05,1.60E-02
Os-189m,7.60E-12,1.80E-11,1.00E-09,5.00E-06,1.60E-02
Os-191,1.20E-09,8.50E-10,1.50E-08,4.00E-04,1.60E-02
Os-191m,8.70E-11,1.20E-10,2.00E-09,5.00E-06,1.60E-02
Os-193,6.10E-10,1.10E-09,1.20E-08,1.00E-03,1.60E-02
Os-194,1.80E-07,4.00E-09,1.00E-09,2.00E-06,1.60E-02
P-30,0.00E+00,0.00E+00,3.71E-07,9.00E-04,1.60E-02
P-32,4.20E-09,2.50E-09,1.00E-09,1.00E-03,1.60E-02
P-33,6.30E-10,2.60E-10,1.00E-09,7.00E-04,1.60E-02
Pa-227,1.30E-08,4.20E-10,7.00E-09,5.00E-06,1.60E-02
Pa-228,1.20E-07,9.90E-10,1.68E-07,4.00E-04,1.60E-02
Pa-230,3.90E-07,1.40E-09,1.08E-07,2.00E-04,1.60E-02
Pa-231,1.70E-04,1.40E-06,2.00E-08,4.00E-05,1.60E-02
Pa-232,1.40E-08,9.20E-10,1.51E-07,1.00E-03,1.60E-02
Pa-233,2.70E-09,1.30E-09,4.10E-08,2.00E-03,1.60E-02
Pa-234,1.00E-08,5.30E-09,8.00E-09,1.00E-03,1.60E-02
Pa-234,2.00E-10,5.60E-10,2.81E-07,2.00E-03,1.60E-02
Pb-195m,8.60E-12,2.70E-11,2.54E-07,6.00E-04,1.60E-02
Pb-198,1.90E-11,4.00E-11,7.30E-08,6.00E-04,1.60E-02
Pb-199,1.80E-11,5.50E-11,2.18E-07,2.00E-04,1.60E-02
Pb-200,2.00E-10,5.00E-10,3.70E-08,1.00E-03,1.60E-02
Pb-201,6.40E-11,1.70E-10,1.20E-07,3.00E-04,1.60E-02
Pb-202,2.20E-08,8.80E-09,1.00E-09,4.00E-06,1.60E-02
Pb-202m,4.40E-11,1.30E-10,3.10E-07,9.00E-04,1.60E-02
Pb-203,1.30E-10,3.20E-10,5.40E-08,5.00E-04,1.60E-02
Pb-205,7.90E-10,3.40E-10,1.00E-09,4.00E-06,1.60E-02
Pb-209,2.30E-11,5.30E-11,1.00E-09,1.00E-03,1.60E-02
Pb-210,2.00E-06,8.00E-07,3.00E-09,3.00E-06,1.60E-02
Pb-211,2.30E-09,1.60E-10,1.60E-08,1.00E-03,1.60E-02
Pb-212,3.70E-08,8.40E-09,2.50E-08,2.00E-03,1.60E-02
Pb-214,2.00E-09,1.50E-10,4.10E-08,2.00E-03,1.60E-02
Pd-100,1.10E-09,1.30E-09,5.00E-08,2.00E-05,1.60E-02
Pd-101,4.80E-11,1.10E-10,8.10E-08,1.00E-04,1.60E-02
pd-103,4.60E-10,2.90E-10,1.90E-08,3.00E-06,1.60E-02
Pd-107,3.50E-09,5.80E-11,1.00E-09,1.00E-06,1.60E-02
Pd-109,3.10E-10,6.30E-10,1.00E-08,1.00E-03,1.60E-02
Pm-141,8.70E-12,3.50E-11,1.37E-07,5.00E-04,1.60E-02
Pm-142,5.80E-11,1.50E-10,7.52E-07,8.00E-04,1.60E-02
Pm-143,2.80E-09,2.80E-10,5.70E-08,7.00E-06,1.60E-02
Pm-144,1.30E-08,1.10E-09,2.48E-07,4.00E-05,1.60E-02
Pm-145,7.40E-09,1.50E-10,1.30E-08,1.00E-05,1.60E-02
Pm-146,3.70E-08,1.20E-09,1.22E-07,5.00E-04,1.60E-02
Pm-147,1.00E-08,4.00E-10,1.00E-09,5.00E-04,1.60E-02
Pm-148,3.40E-09,4.00E-09,9.10E-08,1.00E-03,1.60E-02
Pm-148m,6.30E-09,2.30E-09,3.06E-07,1.00E-03,1.60E-02
Pm-149,9.30E-10,1.40E-09,2.00E-09,1.00E-03,1.60E-02
Pm-150,9.20E-11,2.40E-10,2.26E-07,1.00E-03,1.60E-02
Pm-151,5.20E-10,1.00E-09,5.20E-08,1.00E-03,1.60E-02
Po-203,2.00E-11,5.20E-11,2.45E-07,1.00E-03,1.60E-02
Po-205,3.00E-11,5.70E-11,2.33E-07,2.00E-04,1.60E-02
Po-206,3.70E-07,1.30E-07,1.00E-09,1.00E-06,1.60E-02
Po-207,4.70E-11,1.40E-10,2.01E-07,2.00E-04,1.60E-02
Po-208,2.40E-06,7.70E-07,1.00E-09,1.00E-06,1.60E-02
Po-209,2.40E-06,7.70E-07,1.00E-09,1.00E-06,1.60E-02
Po-210,1.70E-06,2.10E-07,1.00E-09,1.00E-06,1.60E-02
Po-212,4.70E-09,2.20E-10,1.80E-07,1.00E-03,1.60E-02
Po-213,3.80E-09,1.80E-10,2.70E-08,1.00E-03,1.60E-02
Pr-136,6.70E-12,3.30E-11,3.75E-07,6.00E-04,1.60E-02
Pr-137,1.30E-11,3.40E-11,8.30E-08,3.00E-04,1.60E-02
Pr-138,2.60E-10,6.50E-10,3.98E-07,7.00E-04,1.60E-02
Pr-138m,3.50E-11,1.20E-10,3.79E-07,6.00E-04,1.60E-02
Pr-139,1.50E-11,3.20E-11,2.80E-08,1.00E-04,1.60E-02
Pr-142,8.50E-10,1.60E-09,1.10E-08,1.00E-03,1.60E-02
Pr-142m,1.10E-11,2.10E-11,1.00E-09,1.00E-06,1.60E-02
Pr-143,2.40E-09,1.80E-09,1.00E-09,1.00E-03,1.60E-02
Pr-144,1.00E-07,8.20E-08,5.00E-09,8.00E-04,1.60E-02
Pr-144,1.20E-11,4.90E-11,9.90E-08,1.00E-03,1.60E-02
Pr-145,1.70E-10,4.30E-10,2.00E-09,1.00E-03,1.60E-02
Pr-147,8.60E-12,3.30E-11,1.44E-07,1.00E-03,1.60E-02
Pt-186,3.00E-11,8.70E-11,1.15E-07,2.00E-05,1.60E-02
Pt-188,7.00E-10,1.10E-09,3.50E-08,8.00E-04,1.60E-02
Pt-189,4.30E-11,1.30E-10,5.40E-08,2.00E-04,1.60E-02
Pt-190,2.30E-07,8.20E-09,1.00E-09,1.00E-06,1.60E-02
Pt-191,1.60E-10,4.40E-10,5.30E-08,2.00E-04,1.60E-02
Pt-193,3.80E-11,4.50E-11,1.00E-09,4.00E-06,1.60E-02
Pt-193m,2.20E-10,6.70E-10,3.00E-09,2.00E-03,1.60E-02
Pt-195m,3.10E-10,9.30E-10,1.60E-08,2.00E-03,1.60E-02
Pt-197,1.50E-10,5.00E-10,5.00E-09,1.00E-03,1.60E-02
Pt-197m,3.10E-11,9.30E-11,1.50E-08,2.00E-03,1.60E-02
Pt-199,1.30E-11,3.80E-11,3.10E-08,1.00E-03,1.60E-02
Pt-200,4.20E-10,1.40E-09,1.10E-08,1.00E-03,1.60E-02
Pu-234,7.40E-09,1.90E-10,1.80E-08,6.00E-06,1.60E-02
Pu-235,6.20E-13,2.00E-12,2.60E-08,8.00E-06,1.60E-02
Pu-236,3.00E-05,1.90E-05,3.00E-09,1.00E-06,1.60E-02
Pu-237,5.50E-10,1.50E-10,1.80E-08,6.00E-06,1.60E-02
Pu-238,6.30E-05,5.10E-07,2.00E-09,1.00E-06,1.60E-02
Pu-239,6.90E-05,5.60E-07,1.00E-09,1.00E-06,1.60E-02
Pu-240,6.90E-05,5.60E-07,2.00E-09,1.00E-06,1.60E-02
Pu-241,1.30E-06,1.10E-08,1.00E-09,1.00E-06,1.60E-02
Pu-242,6.50E-05,5.30E-07,2.00E-09,1.00E-06,1.60E-02
Pu-243,4.00E-11,8.70E-11,7.00E-09,1.00E-03,1.60E-02
Pu-244,6.50E-05,5.30E-07,2.00E-09,1.00E-06,1.60E-02
Pu-245,3.50E-10,7.40E-10,7.00E-08,2.00E-03,1.60E-02
Pu-246,6.30E-09,4.90E-09,3.40E-08,7.00E-04,1.60E-02
Ra-223,2.10E-06,1.30E-07,2.40E-08,6.00E-04,1.60E-02
Ra-224,8.30E-07,7.40E-08,2.00E-09,3.00E-05,1.60E-02
Ra-225,7.10E-06,7.10E-08,7.00E-09,1.00E-03,1.60E-02
Ra-226,2.20E-06,2.30E-07,1.00E-09,5.00E-05,1.60E-02
Ra-227,5.80E-11,4.90E-11,3.80E-08,2.00E-03,1.60E-02
Ra-228,1.20E-06,2.80E-07,1.00E-09,1.00E-06,1.60E-02
Rb-79,1.50E-10,4.90E-11,2.17E-07,2.00E-03,1.60E-02
Rb-80,1.30E-10,2.80E-10,1.75E-06,9.00E-04,1.60E-02
Rb-81,3.60E-11,5.20E-11,1.01E-07,1.00E-03,1.60E-02
Rb-81m,5.80E-12,9.50E-12,6.00E-09,5.00E-06,1.60E-02
Rb-82,1.80E-08,9.10E-09,4.34E-07,9.00E-04,1.60E-02
Rb-82m,7.80E-11,1.20E-10,4.36E-07,4.00E-04,1.60E-02
Rb-83,1.30E-09,2.00E-09,8.20E-08,2.00E-05,1.60E-02
Rb-84,1.70E-09,2.60E-09,1.41E-07,4.00E-04,1.60E-02
Rb-86,1.70E-09,2.50E-09,1.40E-08,1.00E-03,1.60E-02
Rb-87,8.40E-10,1.30E-09,1.00E-09,1.00E-03,1.60E-02
Rb-88,2.60E-11,9.00E-11,2.31E-03,9.00E-04,1.60E-02
Rb-89,1.30E-11,4.70E-11,6.59E-07,1.00E-03,1.60E-02
Re-177,7.70E-12,2.10E-11,1.00E-07,3.00E-04,1.60E-02
Re-178,7.10E-11,2.40E-11,2.56E-07,7.00E-04,1.60E-02
Re-180,5.00E-12,1.70E-11,1.99E-07,3.00E-04,1.60E-02
Re-181,2.20E-10,3.80E-10,1.24E-07,5.00E-04,1.60E-02
Re-182,1.40E-10,2.50E-10,2.82E-07,9.00E-04,1.60E-02
Re-182m,9.10E-10,1.20E-09,1.77E-07,8.00E-05,1.60E-02
Re-183,1.80E-09,7.60E-10,1.00E-09,1.00E-06,1.60E-02
Re-184,1.50E-09,7.70E-10,1.38E-07,3.00E-04,1.60E-02
Re-184m,4.20E-09,1.20E-09,6.30E-08,3.00E-04,1.60E-02
Re-186,1.10E-09,1.30E-09,4.00E-09,2.00E-03,1.60E-02
Re-186m,1.00E-08,1.80E-09,4.00E-09,1.00E-05,1.60E-02
Re-187,1.60E-11,4.30E-12,1.00E-09,1.00E-06,1.60E-02
Re-188,7.70E-10,1.30E-09,1.00E-08,1.00E-03,1.60E-02
Re-188m,1.60E-11,2.80E-11,1.60E-08,4.00E-05,1.60E-02
Re-189,4.40E-10,7.20E-10,1.10E-08,2.00E-03,1.60E-02
Rh-100,3.60E-10,7.60E-10,3.92E-07,1.00E-04,1.60E-02
Rh-101,1.00E-08,6.70E-10,6.20E-08,3.00E-04,1.60E-02
Rh-101m,2.10E-10,2.80E-10,6.60E-08,2.00E-04,1.60E-02
Rh-102,3.00E-08,2.70E-09,3.39E-07,5.00E-05,1.60E-02
Rh-102,1.30E-08,1.60E-09,8.50E-08,4.00E-04,1.60E-02
Rh-103m,1.40E-12,3.30E-12,2.00E-09,1.00E-06,1.60E-02
Rh-105,2.90E-10,5.00E-10,1.30E-08,1.00E-03,1.60E-02
Rh-106,1.30E-07,1.00E-08,3.57E-07,1.00E-03,1.60E-02
Rh-106m,5.30E-11,1.50E-10,4.36E-07,1.00E-03,1.60E-02
Rh-107,7.20E-12,2.30E-11,5.10E-08,1.00E-03,1.60E-02
Rh-99,8.70E-10,6.50E-10,1.15E-07,1.00E-04,1.60E-02
Rh-99m,2.10E-11,6.50E-11,1.22E-07,1.00E-04,1.60E-02
Rn-220,0,0,1.00E-09,1.00E-06,1.60E-02
Rn-222,0,0,1.00E-09,1.00E-06,1.60E-02
Ru-103,2.50E-09,1.00E-09,7.30E-08,5.00E-04,1.60E-02
Ru-105,1.20E-10,2.90E-10,1.19E-07,1.00E-03,1.60E-02
Ru-106,1.30E-07,1.00E-08,3.57E-07,1.00E-03,1.60E-02
Ru-94,3.20E-11,7.30E-11,1.00E-07,2.00E-05,1.60E-02
Ru-97,1.30E-10,1.90E-10,5.50E-08,1.00E-04,1.60E-02
S-35,6.80E-10,2.80E-10,1.00E-09,2.00E-04,1.60E-02
Sb-115,7.40E-12,2.30E-11,1.51E-07,4.00E-04,1.60E-02
Sb-116,6.80E-12,2.60E-11,3.21E-07,5.00E-04,1.60E-02
Sb-116m,2.00E-11,5.90E-11,4.87E-07,4.00E-04,1.60E-02
Sb-117,6.10E-12,1.80E-11,4.50E-08,4.00E-04,1.60E-02
Sb-118m,6.70E-11,2.10E-10,4.11E-07,2.00E-04,1.60E-02
Sb-119,6.20E-11,1.10E-10,2.20E-08,3.00E-06,1.60E-02
Sb-120,3.90E-12,1.40E-11,7.90E-08,5.00E-04,1.60E-02
Sb-120m,1.10E-09,1.50E-09,3.86E-07,4.00E-04,1.60E-02
Sb-122,1.60E-09,2.60E-09,6.80E-08,1.00E-03,1.60E-02
Sb-124,7.20E-09,3.40E-09,2.61E-07,1.00E-03,1.60E-02
Sb-124m1,2.90E-12,7.70E-12,1.00E-09,1.00E-06,1.60E-02
Sb-124m2,2.90E-12,7.70E-12,1.00E-09,1.00E-06,1.60E-02
Sb-125,3.40E-09,9.30E-10,7.60E-08,7.00E-04,1.60E-02
Sb-126,3.40E-09,3.20E-09,4.34E-07,1.00E-03,1.60E-02
Sb-126m,1.00E-11,3.50E-11,2.39E-07,1.00E-03,1.60E-02
Sb-127,1.90E-09,2.60E-09,1.06E-07,1.00E-03,1.60E-02
Sb-128,4.40E-10,1.30E-09,4.72E-07,1.00E-03,1.60E-02
Sb-128m,5.10E-12,2.20E-11,3.13E-07,1.00E-03,1.60E-02
Sb-129,1.60E-10,4.40E-10,2.12E-07,1.00E-03,1.60E-02
Sb-130,2.90E-11,8.40E-11,5.05E-07,2.00E-03,1.60E-02
Sb-131,5.20E-11,1.10E-10,2.78E-07,1.00E-03,1.60E-02
Sc-43,6.40E-11,1.80E-10,1.74E-07,1.00E-03,1.60E-02
Sc-44,1.20E-10,3.40E-10,3.24E-07,1.00E-03,1.60E-02
Sc-44m,2.30E-09,3.50E-09,4.50E-08,2.00E-04,1.60E-02
Sc-46,8.00E-09,1.90E-09,2.99E-07,1.00E-03,1.60E-02
Sc-47,5.80E-10,7.90E-10,1.70E-08,1.00E-03,1.60E-02
Sc-48,1.20E-09,2.00E-09,4.95E-07,2.00E-03,1.60E-02
Sc-49,2.80E-11,7.00E-11,1.00E-09,1.00E-03,1.60E-02
Se-70,4.90E-11,1.10E-10,1.58E-07,9.00E-04,1.60E-02
Se-73,1.30E-10,4.30E-10,1.74E-07,9.00E-04,1.60E-02
Se-73m,1.30E-11,4.40E-11,3.80E-08,3.00E-04,1.60E-02
Se-75,1.90E-09,2.10E-09,6.40E-08,8.00E-05,1.60E-02
Se-79,1.90E-09,1.60E-09,1.00E-09,2.00E-04,1.60E-02
Se-81,7.80E-12,2.60E-11,2.00E-09,1.00E-03,1.60E-02
Se-81m,2.50E-11,4.70E-11,4.00E-09,1.00E-04,1.60E-02
Se-83,1.60E-11,4.70E-11,3.62E-07,1.00E-03,1.60E-02
Si-31,5.70E-11,1.30E-10,1.00E-09,1.00E-03,1.60E-02
Si-32,2.70E-07,8.60E-10,1.00E-09,5.00E-04,1.60E-02
Sm-141,8.40E-12,3.80E-11,2.87E-07,5.00E-04,1.60E-02
Sm-141m,1.60E-11,6.00E-11,3.38E-07,9.00E-04,1.60E-02
Sm-142,5.80E-11,1.50E-10,7.52E-07,8.00E-04,1.60E-02
Sm-145,2.30E-09,3.00E-10,2.60E-08,2.00E-05,1.60E-02
Sm-146,1.40E-05,3.50E-08,1.00E-09,1.00E-06,1.60E-02
Sm-147,1.20E-05,3.20E-08,1.00E-09,1.00E-06,1.60E-02
Sm-151,5.00E-09,1.40E-10,1.00E-09,1.00E-06,1.60E-02
Sm-153,6.00E-10,1.00E-09,1.60E-08,1.00E-03,1.60E-02
Sm-155,6.90E-12,2.80E-11,1.90E-08,1.00E-03,1.60E-02
Sm-156,1.90E-10,2.80E-10,2.20E-08,1.00E-03,1.60E-02
Sn-110,1.20E-10,3.50E-10,6.40E-08,7.00E-05,1.60E-02
Sn-111,7.60E-12,2.20E-11,8.70E-08,4.00E-04,1.60E-02
Sn-113,3.00E-09,1.10E-09,1.90E-08,4.00E-06,1.60E-02
Sn-117m,1.20E-09,1.10E-09,3.80E-08,3.00E-03,1.60E-02
Sn-119m,1.70E-09,5.20E-10,1.10E-08,1.00E-06,1.60E-02
Sn-121,1.50E-10,3.00E-10,1.00E-09,1.00E-03,1.60E-02
Sn-121m,3.10E-09,6.00E-10,4.00E-09,3.00E-04,1.60E-02
Sn-123,9.20E-09,3.30E-09,1.00E-09,1.00E-03,1.60E-02
Sn-123m,1.30E-11,3.50E-11,2.40E-08,2.00E-03,1.60E-02
Sn-125,4.70E-09,4.60E-09,5.30E-08,1.00E-03,1.60E-02
Sn-126,2.70E-08,6.60E-09,1.70E-08,1.00E-03,1.60E-02
Sn-127,9.10E-11,2.10E-10,3.13E-07,1.00E-03,1.60E-02
Sn-128,5.70E-11,1.30E-10,1.38E-07,1.00E-03,1.60E-02
Sr-80,1.30E-10,2.80E-10,1.75E-06,9.00E-04,1.60E-02
Sr-81,2.40E-11,7.30E-11,2.47E-07,1.00E-03,1.60E-02
Sr-82,1.80E-08,9.10E-09,4.34E-07,9.00E-04,1.60E-02
Sr-83,4.30E-10,7.20E-10,1.27E-07,4.00E-04,1.60E-02
Sr-85,1.30E-09,5.20E-10,8.60E-08,2.00E-05,1.60E-02
Sr-85m,2.30E-12,5.40E-12,3.50E-08,7.00E-05,1.60E-02
Sr-87m,1.10E-11,3.00E-11,5.30E-08,3.00E-04,1.60E-02
Sr-89,1.20E-08,3.60E-09,1.00E-09,1.00E-03,1.60E-02
Sr-90,3.50E-07,3.10E-08,1.00E-09,1.00E-03,1.60E-02
Sr-91,4.40E-10,7.90E-10,1.17E-07,1.00E-03,1.60E-02
Sr-92,2.00E-10,5.10E-10,1.94E-07,1.00E-03,1.60E-02
Ta-172,1.50E-11,4.80E-11,2.44E-07,7.00E-04,1.60E-02
Ta-173,8.20E-11,2.00E-10,9.80E-08,5.00E-04,1.60E-02
Ta-174,1.80E-11,4.80E-11,1.06E-07,7.00E-04,1.60E-02
Ta-175,9.70E-11,2.30E-10,1.37E-07,2.00E-04,1.60E-02
Ta-176,1.10E-10,3.40E-10,2.80E-07,1.00E-04,1.60E-02
Ta-177,9.10E-11,1.40E-10,1.50E-08,1.00E-04,1.60E-02
Ta-178m1,0,0,2.10E-08,1.00E-05,1.60E-02
Ta-178m2,2.10E-11,6.70E-11,1.72E-07,7.00E-04,1.60E-02
Ta-179,1.70E-09,8.70E-11,8.00E-09,6.00E-06,1.60E-02
Ta-180,6.50E-08,1.20E-09,9.40E-08,6.00E-04,1.60E-02
Ta-180m,2.40E-11,6.10E-11,1.10E-08,2.00E-04,1.60E-02
Ta-182,1.20E-08,2.10E-09,1.94E-07,1.00E-03,1.60E-02
Ta-182m,3.70E-12,1.10E-11,4.40E-08,3.00E-03,1.60E-02
Ta-183,1.60E-09,1.90E-09,5.10E-08,2.00E-03,1.60E-02
Ta-184,2.90E-10,7.70E-10,2.47E-07,2.00E-03,1.60E-02
Ta-185,2.30E-11,6.00E-11,3.30E-08,2.00E-03,1.60E-02
Ta-186,6.60E-12,3.30E-11,2.52E-07,2.00E-03,1.60E-02
Tb-147,5.50E-11,1.50E-10,3.56E-07,4.00E-04,1.60E-02
Tb-149,1.90E-09,2.50E-10,2.41E-07,4.00E-04,1.60E-02
Tb-150,7.90E-11,2.40E-10,3.46E-07,4.00E-04,1.60E-02
Tb-151,1.60E-10,3.70E-10,1.47E-07,4.00E-04,1.60E-02
Tb-153,2.10E-10,3.20E-10,4.50E-08,1.00E-04,1.60E-02
Tb-154,3.10E-10,7.20E-10,3.13E-07,4.00E-04,1.60E-02
Tb-155,2.20E-10,2.80E-10,3.10E-08,2.00E-04,1.60E-02
Tb-156,1.10E-09,1.50E-09,2.77E-07,5.00E-04,1.60E-02
Tb-156m1,5.90E-11,8.70E-11,1.00E-09,8.00E-06,1.60E-02
Tb-156m2,2.20E-10,2.40E-10,7.00E-09,4.00E-06,1.60E-02
Tb-157,1.50E-09,4.20E-11,1.00E-09,6.00E-06,1.60E-02
Tb-158,5.00E-08,1.40E-09,1.27E-07,4.00E-04,1.60E-02
Tb-160,6.40E-09,2.30E-09,1.69E-07,1.00E-03,1.60E-02
Tb-161,9.90E-10,1.10E-09,1.30E-08,1.00E-03,1.60E-02
Tc-101,5.70E-12,1.90E-11,5.50E-08,1.00E-03,1.60E-02
Tc-104,2.60E-11,8.00E-11,1.22E-03,1.00E-03,1.60E-02
Tc-93,2.10E-11,4.40E-11,2.22E-07,2.00E-05,1.60E-02
Tc-93m,1.00E-11,2.20E-11,9.80E-08,3.00E-04,1.60E-02
Tc-94,8.40E-11,1.70E-10,4.14E-07,2.00E-04,1.60E-02
Tc-94m,4.70E-11,1.00E-10,2.85E-07,7.00E-04,1.60E-02
Tc-95,7.70E-11,1.40E-10,1.35E-07,2.00E-05,1.60E-02
Tc-95m,1.10E-09,4.80E-10,1.17E-07,1.00E-04,1.60E-02
Tc-96,7.00E-10,8.40E-10,3.88E-07,4.00E-05,1.60E-02
Tc-96m,6.80E-12,1.00E-11,1.60E-08,3.00E-06,1.60E-02
Tc-97,2.90E-10,7.30E-11,1.70E-08,4.00E-06,1.60E-02
Tc-97m,1.50E-09,5.60E-10,1.40E-08,3.00E-05,1.60E-02
Tc-98,6.40E-09,1.80E-09,2.15E-07,2.00E-03,1.60E-02
Tc-99,2.40E-09,6.60E-10,1.00E-09,1.00E-03,1.60E-02
Tc-99m,1.10E-11,2.00E-11,2.20E-08,3.00E-04,1.60E-02
Te-116,6.50E-11,1.60E-10,3.30E-08,8.00E-06,1.60E-02
Te-119m,6.30E-10,8.30E-10,1.00E-09,1.00E-06,1.60E-02
Te-121,5.20E-10,4.40E-10,1.04E-07,2.00E-05,1.60E-02
Te-121m,3.50E-09,1.60E-09,4.30E-08,2.00E-04,1.60E-02
Te-123,1.40E-09,5.80E-10,1.70E-08,2.00E-06,1.60E-02
Te-123m,2.50E-09,1.20E-09,3.20E-08,4.00E-04,1.60E-02
Te-125m,1.80E-09,9.30E-10,2.70E-08,5.00E-04,1.60E-02
Te-127,8.60E-11,1.80E-10,1.00E-09,1.00E-03,1.60E-02
Te-127m,5.60E-09,2.30E-09,9.00E-09,4.00E-05,1.60E-02
Te-129,2.40E-11,5.30E-11,1.20E-08,1.00E-03,1.60E-02
Te-129m,6.80E-09,3.70E-09,1.10E-08,6.00E-04,1.60E-02
Te-131,1.80E-10,3.10E-10,6.70E-08,2.00E-03,1.60E-02
Te-131m,2.50E-09,3.40E-09,2.08E-07,2.00E-03,1.60E-02
Te-132,3.80E-09,3.80E-09,5.00E-08,7.00E-04,1.60E-02
Te-133,3.80E-11,7.70E-11,1.51E-07,1.00E-03,1.60E-02
Te-133m,1.70E-10,3.10E-10,3.44E-07,1.00E-03,1.60E-02
Te-134,4.60E-11,8.60E-11,1.42E-07,2.00E-03,1.60E-02
Th-226,9.40E-09,3.30E-10,2.00E-09,1.00E-04,1.60E-02
Th-227,4.30E-06,1.30E-08,2.30E-08,2.00E-04,1.60E-02
Th-228,8.80E-05,2.70E-07,2.00E-09,3.00E-06,1.60E-02
Th-229,3.50E-04,2.40E-04,2.70E-08,3.00E-04,1.60E-02
Th-230,5.30E-05,3.50E-07,1.00E-09,3.00E-06,1.60E-02
Th-231,2.60E-10,4.40E-10,1.90E-08,7.00E-04,1.60E-02
Th-232,2.20E-04,1.80E-06,1.00E-09,3.00E-06,1.60E-02
Th-234,1.00E-08,5.30E-09,8.00E-09,1.00E-03,1.60E-02
Ti-44,2.70E-07,7.40E-09,2.60E-08,2.00E-06,1.60E-02
Ti-45,5.30E-11,1.40E-10,1.36E-07,1.00E-03,1.60E-02
Tl-194,2.60E-12,7.90E-12,1.25E-07,9.00E-05,1.60E-02
Tl-194m,1.30E-11,3.90E-11,3.68E-07,7.00E-04,1.60E-02
Tl-195,1.30E-11,2.70E-11,1.59E-07,2.00E-04,1.60E-02
Tl-197,1.30E-11,2.10E-11,6.50E-08,3.00E-04,1.60E-02
Tl-198,4.30E-11,7.10E-11,2.80E-07,1.00E-04,1.60E-02
Tl-198m,5.30E-11,5.30E-11,1.88E-07,2.00E-03,1.60E-02
Tl-199,1.80E-11,2.40E-11,4.20E-08,6.00E-04,1.60E-02
Tl-200,1.20E-10,1.80E-10,1.98E-07,1.00E-04,1.60E-02
Tl-201,5.60E-11,7.60E-11,1.80E-08,1.00E-04,1.60E-02
Tl-202,2.50E-10,3.80E-10,7.70E-08,6.00E-05,1.60E-02
Tl-204,5.70E-10,7.90E-10,1.00E-09,1.00E-03,1.60E-02
Tl-209,0,0,2.96E-07,1.00E-03,1.60E-02
Tm-162,5.90E-12,2.80E-11,2.61E-07,3.00E-04,1.60E-02
Tm-166,9.30E-11,3.00E-10,2.70E-07,2.00E-04,1.60E-02
Tm-167,8.40E-10,8.30E-10,2.90E-08,2.00E-03,1.60E-02
Tm-170,7.10E-09,2.10E-09,1.00E-09,1.00E-03,1.60E-02
Tm-171,1.60E-09,1.60E-10,1.00E-09,1.00E-06,1.60E-02
Tm-172,1.50E-09,2.40E-09,6.90E-08,1.00E-03,1.60E-02
Tm-173,1.30E-10,3.50E-10,6.30E-08,1.00E-03,1.60E-02
Tm-175,6.50E-12,2.70E-11,1.60E-07,2.00E-03,1.60E-02
U-230,5.30E-06,1.10E-07,3.00E-09,6.00E-06,1.60E-02
U-231,3.60E-10,4.10E-10,3.20E-08,1.00E-05,1.60E-02
U-232,1.80E-04,1.30E-07,2.00E-09,6.00E-06,1.60E-02
U-233,3.70E-05,2.90E-08,1.00E-09,2.00E-06,1.60E-02
U-234,3.60E-05,2.80E-08,2.00E-09,3.00E-06,1.60E-02
U-235,3.30E-05,2.70E-08,2.80E-08,1.00E-04,1.60E-02
U-236,3.40E-05,2.70E-08,2.00E-09,1.00E-06,1.60E-02
U-237,1.10E-09,1.20E-09,3.70E-08,1.00E-03,1.60E-02
U-238,3.20E-05,2.60E-08,2.00E-09,1.00E-06,1.60E-02
U-239,1.10E-11,2.90E-11,1.20E-08,1.00E-03,1.60E-02
U-240,6.40E-10,1.30E-09,9.00E-09,1.00E-03,1.60E-02
V-47,2.00E-11,5.80E-11,1.56E-07,1.00E-03,1.60E-02
V-48,2.90E-09,2.50E-09,4.32E-07,9.00E-04,1.60E-02
V-49,9.50E-11,2.30E-11,1.00E-09,1.00E-06,1.60E-02
W-176,2.70E-11,1.20E-10,3.60E-08,2.00E-05,1.60E-02
W-177,1.60E-11,5.90E-11,1.40E-07,3.00E-04,1.60E-02
W-178,6.50E-11,3.40E-10,2.40E-08,2.00E-05,1.60E-02
W-179,9.70E-13,3.00E-12,1.90E-08,1.00E-05,1.60E-02
W-181,3.20E-11,1.10E-10,9.00E-09,7.00E-06,1.60E-02
W-185,1.50E-10,7.80E-10,1.00E-09,1.00E-03,1.60E-02
W-187,1.80E-10,8.40E-10,7.50E-08,2.00E-03,1.60E-02
W-188,8.40E-10,4.00E-09,1.00E-09,1.00E-03,1.60E-02
Xe-122,0.00E+00,0.00E+00,2.84E-07,8.00E-04,1.60E-02
Xe-123,0.00E+00,0.00E+00,1.07E-07,8.00E-04,1.60E-02
Xe-125,0.00E+00,0.00E+00,6.00E-08,3.00E-04,1.60E-02
Xe-127,0.00E+00,0.00E+00,5.90E-08,4.00E-04,1.60E-02
Xe-129m,0.00E+00,0.00E+00,3.00E-08,3.00E-03,1.60E-02
Xe-131m,0.00E+00,0.00E+00,1.20E-08,3.00E-03,1.60E-02
Xe-133,0.00E+00,0.00E+00,1.60E-08,1.00E-03,1.60E-02
Xe-133m,0.00E+00,0.00E+00,1.60E-08,2.00E-03,1.60E-02
Xe-135,0.00E+00,0.00E+00,4.00E-08,2.00E-03,1.60E-02
Xe-135m,0.00E+00,0.00E+00,6.90E-08,2.00E-04,1.60E-02
Xe-137,0.00E+00,0.00E+00,1.17E-03,2.00E-06,1.60E-02
Xe-138,0.00E+00,0.00E+00,1.66E-07,1.00E-03,1.60E-02
Y-86,4.40E-10,1.00E-09,5.15E-07,5.00E-04,1.60E-02
Y-86m,2.60E-11,5.90E-11,3.40E-08,2.00E-04,1.60E-02
Y-87,5.10E-10,7.20E-10,8.00E-08,2.00E-05,1.60E-02
Y-88,7.30E-09,1.50E-09,8.30E-07,4.00E-05,1.60E-02
Y-90,2.70E-09,3.90E-09,7.00E-09,1.00E-03,1.60E-02
Y-90m,1.50E-10,2.30E-10,9.98E-08,2.00E-04,1.60E-02
Y-91,1.40E-08,3.70E-09,1.00E-09,1.00E-03,1.60E-02
Y-91m,1.00E-11,1.10E-11,8.20E-08,7.00E-05,1.60E-02
Y-92,2.00E-10,4.70E-10,5.46E-07,1.00E-03,1.60E-02
Y-93,5.80E-10,1.20E-09,9.80E-08,1.00E-03,1.60E-02
Y-94,1.90E-11,7.90E-11,1.11E-03,9.00E-04,1.60E-02
Y-95,1.00E-11,4.60E-11,1.22E-03,1.00E-03,1.60E-02
Yb-162,6.10E-12,2.10E-11,2.70E-08,6.00E-05,1.60E-02
Yb-166,8.50E-10,1.30E-09,2.20E-08,1.00E-05,1.60E-02
Yb-167,2.40E-12,6.70E-12,5.30E-08,2.00E-04,1.60E-02
Yb-169,2.30E-09,1.00E-09,6.10E-08,1.00E-03,1.60E-02
Yb-175,5.10E-10,6.50E-10,7.00E-09,1.00E-03,1.60E-02
Yb-177,3.90E-11,8.30E-11,2.80E-08,1.00E-03,1.60E-02
Yb-178,4.30E-11,9.00E-11,6.00E-09,1.00E-03,1.60E-02
Zn-62,5.60E-10,9.50E-10,3.19E-07,1.00E-03,1.60E-02
Zn-63,2.20E-11,7.30E-11,1.75E-07,1.00E-03,1.60E-02
Zn-65,5.30E-09,3.70E-09,8.60E-08,4.00E-05,1.60E-02
Zn-69,1.10E-11,2.70E-11,1.00E-09,1.00E-03,1.60E-02
Zn-69m,2.30E-10,3.70E-10,6.70E-08,7.00E-05,1.60E-02
Zn-71m,1.00E-10,2.30E-10,2.40E-07,1.00E-03,1.60E-02
Zn-72,1.50E-09,1.80E-09,2.60E-08,9.00E-04,1.60E-02
Zr-79,1.20E-09,2.50E-09,2.70E-08,1.00E-03,1.60E-02
Zr-86,6.10E-10,1.10E-09,6.90E-08,1.00E-04,1.60E-02
Zr-88,6.20E-09,4.10E-10,7.60E-08,5.00E-05,1.60E-02
Zr-89,6.80E-10,9.90E-10,1.82E-07,4.00E-04,1.60E-02
Zr-93,4.30E-08,3.00E-10,1.00E-09,1.00E-06,1.60E-02
Zr-95,6.40E-09,1.20E-09,1.12E-07,1.00E-03,1.60E-02
